order	file	sha256	phase	action	dependency	note
1	20260212112606_149c91c9-f5a8-4b8f-909b-30eae260aa42.sql	6d52f13cc087c97af885969c80cb5d7d92bb176943c9d2e228003fe5554444c0	core_schema	INCLUDE_SECURITY_GATE	authenticated role	Creates pos_connections and update_updated_at_column; initial RLS is not tenant scoped.
2	20260212115654_1381e2e4-1563-455a-8913-fc76fb0cb12d.sql	1ed6ce59d43550320f0c7a660faf6578fe6514a910954f1d477fa55b9e6a637a	security_policy	INCLUDE_SECURITY_GATE	API role design	Replaces authenticated policies with USING true policies applicable to PUBLIC.
3	20260212123446_3eca070d-30eb-443a-a577-ea98bddfba60.sql	2690bf4b5c9ee1ade2caeebc3325c2053da7d224db301056d1d45bd128546574	core_schema	INCLUDE_SECURITY_GATE	pos_connections	Creates sales_events, sales_line_items and wine_family_rules with permissive RLS.
4	20260218200027_ed7f4ef4-5650-4fb3-a037-115e7ee24a39.sql	0de59a57553a35a82bf9ede75bd6c4503053d192803fb9b5824576694f2e4ded	core_schema	INCLUDE	pos_connections	Adds Winerim credential column; secret migration policy remains separate.
5	20260219141757_7d5b07ef-08ba-4723-964e-4bf23a639bfa.sql	cd2a3ea3186e8714ae7ac7a3844c52d5d8f0b2ee1eae8a000b6a74a9b1dac902	core_schema	INCLUDE_SECURITY_GATE	pos_connections update_updated_at_column	Creates provider_products and catalog columns with permissive RLS.
6	20260219151555_85026df6-b366-4d2c-b715-0ab76b2126d2.sql	785b6ee79cdd5900a4278c8dbe6d8468da1fe2c5d24bb726eda9ef159220d807	core_schema	INCLUDE_SECURITY_GATE	pos_connections provider_products update_updated_at_column	Creates classification_config with permissive RLS.
7	20260219153842_6c554538-6d71-45ca-a330-3b924736442d.sql	443ecb752a88170a267ee11fe0c917a7d0fda7ec000140deabe9d9487d5a333f	core_schema	INCLUDE_SECURITY_GATE	sales_events sales_line_items	Creates stock_sync_log; connection_id has no foreign key.
8	20260219154752_a3198ab9-9375-460d-a75a-d0778d335f48.sql	07e8dd9c64df100e32cd20045dca76b0d0341345a9470afc72e77f2a2f49fe24	core_schema	INCLUDE_SECURITY_GATE	pos_connections update_updated_at_column	Creates winerim_wines and product_mappings; connection_id has no foreign key in either table.
9	20260219155243_ca284565-865c-42f3-8732-222266a966ac.sql	3e53015a68ed3db71ded6d9d54163bb45dea21a7585556826f18d2a699421080	core_schema	INCLUDE_SECURITY_GATE	pos_connections provider_products update_updated_at_column	Creates provider_capabilities and outbound_tasks with permissive RLS.
10	20260221080107_61f2d067-09c2-496a-a530-2471161cdbc2.sql	a5af97f171e927660959a8f2f276c0f4aaf81eff80324bcc5434b8f9edaa9c90	core_schema	INCLUDE_SECURITY_GATE	pos_connections update_updated_at_column	Creates credentials and webhook dedupe tables; RLS remains permissive.
11	20260304121045_99319491-6f04-4dc0-8d32-2936ff2b447d.sql	cdf2cb745192bf3f6889967c063497aecc066ed8480db090a78fc7cc8dad75c6	core_schema	INCLUDE_SECURITY_GATE	pos_connections product_mappings update_updated_at_column	Creates Agora master cache and write configuration.
12	20260304121648_903ad496-cea1-42df-b2f4-a22f0ca79c82.sql	0b794c6d029ddd1dc2a2b06febc39f5ff8ec4b9ed45bb0ab3981ecff1246d581	core_schema	INCLUDE	pos_connections	Adds catalog push gates.
13	20260304123021_68610a56-cb93-4aad-88f3-f38ee3d7ba5c.sql	6abfd8bf653937dd056c3311810490d0b8eb1a24a35450063babe7f37071a23c	core_schema	INCLUDE	pos_connections	Adds verified-ready gate.
14	20260304130439_323d452d-0ae7-4e5c-a7df-f477afcd308c.sql	8d06da7fff794493c33def524001ddd52fe91783f502a5dae764b2204dda2020	core_schema	INCLUDE	winerim_wines pos_connections	Adds normalized price, format and active fields.
15	20260305053803_940c32f9-e4fa-40dc-a231-2c95a4010f67.sql	5ea33da727d7dd8d78b2fd479d16013ec1f91ddb1f853112e2ba2a56be1f12a6	core_schema	INCLUDE	winerim_wines	Adds pricing status fields.
16	20260305055019_a73dafe4-1cd6-419b-b3c0-cd03e026f1fc.sql	ddb94a9d794ff55506c6181e7538602ba3a4cefb91b29cc16c4dbf23c2f44a58	core_schema	INCLUDE_SECURITY_GATE	pos_connections	Creates wine_type_family_mappings with permissive RLS.
17	20260306105015_4a079877-f504-423b-a1ec-e40b0c9ef4ea.sql	96cd603935385c6a032d5a64abe16e874d2c9bd94ccdec0a71fde8deaab9d989	core_schema	INCLUDE	agora_master_data	Adds sale point and center cache.
18	20260308083719_56668a96-5ad5-44da-912e-b946c9ac482b.sql	7a347c90447ef5322261de54af15590404837b0e5df0c0dddacc3513a0284eae	core_schema	INCLUDE	pos_connections	Adds selected sale centers.
19	20260308170700_67e3edb3-d60a-40b5-acdf-c3fc00cce8f4.sql	4c36632aac2879040fd10ee420116aa7216ddf544fdbeba82630ac34e654bb1b	core_schema	INCLUDE	pos_connections	Adds provider_config JSON.
20	20260308173356_6f367ab5-7a98-4f25-9bae-845b6ea01af4.sql	9570d56943177d2ed6f81092a539103724e4b2650a4db2a8977d3c60e7c76657	core_schema	INCLUDE_WITH_REVIEW	sales_events sales_line_items	Adds a redundant event unique and a line unique later removed by migration 31.
21	20260308173922_531411d1-222e-46e4-9136-a649b98812c6.sql	0189f16768cd459c10738f2c1c787ec54e28c6e9789582cb7276394be5dc8e3d	core_schema	INCLUDE_WITH_REVIEW	provider_products	Adds a second unique constraint equivalent to the inline unique.
22	20260308181331_3b49f6c3-6f0d-4904-8690-43d4e8a1af97.sql	f6facd79a029ca5c999950a226ff5759a64ce14aa3e31fd8fecd6acb8a8ebdb8	platform_storage	CONDITIONAL_PLATFORM	storage schema and storage.objects RLS	Creates the hiopos-imports bucket; cannot run on plain Postgres.
23	20260308205424_206ebbb9-c23a-4bcd-90c6-7131fdd4602c.sql	54b871f2bd667ea98fad6169a63d662b12cc1cd142eb2086aed39dd2ef77aa77	core_schema	INCLUDE	provider_capabilities	Adds webhook and readiness fields.
24	20260309052406_d7d86fa3-6f49-4c91-8282-2cf58fbb311e.sql	4550b08911fedb02a0bf9007f4feb6f9bf4145d7d1a9b5fd4c5b6c9b19042cc8	core_schema_data_transform	INCLUDE_WITH_REVIEW	provider_credentials pos_connections	Adds Toast columns and conditionally backfills existing rows.
25	20260309065410_716b19db-8071-4151-85fd-2348eb03ddf9.sql	3046f6fce0e23f63bdf45487c273367ed7317996cae9217a6cd4fd88049f8c4b	core_schema_data_transform	INCLUDE_WITH_REVIEW	pos_connections	Adds restaurant_guid and conditionally backfills it.
26	20260318133702_2f565575-3b53-4cbb-abf4-0c53a440ada6.sql	f0f952330cc1437caa2b15e9baf0ff323ab816a2ef6d6aa2146c746538274a50	core_schema	INCLUDE_SECURITY_GATE	pos_connections	Creates Winerim push tracking with policies granted to PUBLIC.
27	20260326032626_cdd156d4-e0e6-45f7-937d-7831a8dbde2c.sql	884e4e97a97cadaff25450a2ca375942c761d45b2c44eebc87f9f7714d1504c4	operational_repair	EXCLUDE_OPERATIONAL	production connection row	Requeues failed Sa Vida tasks and must never be part of empty staging bootstrap.
28	20260408092820_0c2e94fe-2a91-4583-8195-d1dbe0a36ccd.sql	af429baa3cfad5f05bd0a9362c2235041d2b1e3bb0cd7ef048f78a9ef2ad4398	legacy_platform	EXCLUDE_CLOUDFLARE_TARGET	pg_net extension	Not portable to generic managed Postgres and replaced by Worker HTTP calls.
29	20260408092850_23cf02d9-cda2-4601-a3ed-2d3286ec1e48.sql	655a92eeed6a3bd50cd1dea57e91c5cafc1bfbc62eaebbbd9facc69436a078b0	legacy_runtime	EXCLUDE_CLOUDFLARE_TARGET	pg_net and service key argument	Database function performs HTTP recursion and accepts a secret as SQL input.
30	20260408142952_407b380b-de9e-468e-81b1-5486825a2234.sql	9a9a54bf24f5e22c857190c30d665a0b9361e9ebb16efb02b559ea414263d002	client_config	EXCLUDE_OPERATIONAL	all Agora connection rows	Changes live push policy globally and is not schema bootstrap.
31	20260415100237_c0568cc5-daea-48bf-bb33-259e9c1d2629.sql	18c7bc280b8a7ca352253790db0d6fb3ac14df250f8257b2a3b879f7d0ca37d3	core_schema	INCLUDE	sales_line_items	Removes the transient per-product line unique constraint.
32	20260415100819_c86fe396-2873-4897-bced-b1684e608199.sql	75697e985f949890c845ab39dd93bd52f1ad3cf64863bf88812af0743c732d1c	operational_repair	EXCLUDE_OPERATIONAL	production sales and cursors	Deletes malformed sales and rewinds every Agora cursor.
33	20260415100930_a88ad1a3-57f5-4217-9783-43c1498c97e8.sql	8da49f482fc15380acfa1404d3344112b806265441561a866ffd438c8d8e3bf4	client_config	EXCLUDE_OPERATIONAL	Kava row	Sets a historical production cursor.
34	20260415100950_33f3a56c-8e37-4a74-90ee-b187d6a9fbf7.sql	6e55328ff946c454c2259c3d266e57711185c0f2263b1dfc248bbaa5afd8a329	client_config	EXCLUDE_OPERATIONAL	Sa Pedrera and Sa Vida rows	Sets historical production cursors.
35	20260421091232_9adcfd7c-462a-4788-b85d-16d2dd8fc036.sql	642b7ef7146693a8b8bb460635d17cf621a2cd60f28a20fb59d6b2eefed36155	data_reconciliation	POST_IMPORT_REVIEW	provider_products tracking sales lines	Backfills links after data import; run only after reconciled source data exists.
36	20260421105824_8a7e26f2-3e84-45ee-977c-bd4883d5a782.sql	151c1368e4a0d7cdaee805035e34007d292c6e5da7efedd6a367b3dbc5c49d07	legacy_platform	EXCLUDE_CLOUDFLARE_TARGET	pg_cron and pg_net	Cloudflare target owns scheduling and outbound HTTP.
37	20260424053057_69997864-5990-4304-8279-e17b3113a499.sql	00c8ea813e3f05428a44afb591888b2c3c7d22d699e0149f1d85a1b45c49b3e9	core_schema	INCLUDE	pos_connections	Sets the default sync frequency to five minutes.
38	20260428132804_3f32978d-10f7-4418-a01e-c61965349dd2.sql	7739e8348bb67803a681e61f9fea8e13a69db31546fed63292a08a1b88162f4b	client_config	EXCLUDE_OPERATIONAL	Luruna row	Enables one production connection.
39	20260428133052_70265f3b-4c2c-402e-a322-c20f01e0e732.sql	37b3c46a7d9885d424dc10d0b260432e4bca4dcd3c86ebe33b9c3908f82b5659	operational_repair	EXCLUDE_OPERATIONAL	Luruna row and queue	Changes VAT and requeues family migration.
40	20260428133331_53fe788f-d01f-4800-9fd3-7c8c930f13c4.sql	84eee412aebeaf4260b7f18acee1d939233a37126aead75d207993f2d796204c	operational_repair	EXCLUDE_OPERATIONAL	Luruna queue	Requeues failed family migration.
41	20260428133635_646bd540-33d8-43e0-adb9-e24d70adaf1f.sql	fe2c6136fef5b5b630919c41cdf701d343afbdefea72f12990d7526bc6de3e07	operational_repair	EXCLUDE_OPERATIONAL	Luruna queue	Repeats the same requeue.
42	20260428134418_c02b90ef-769d-41f9-9620-3d42ed9c52c9.sql	b7f41a7b8a018023a97e7f7c758e7f1529f7ac6b79a28b97e8aebd2e002728ff	operational_repair	EXCLUDE_OPERATIONAL	Luruna queue	Marks migration tasks successful by business decision.
43	20260428142335_978a281f-b0f8-408a-8daa-8b8d58764b08.sql	e54f7c0816c2b703e9c0fa1696148a3219ee99d7d180a44a8782eaefcee9ba2e	client_config	EXCLUDE_OPERATIONAL	Luruna and Sa Vida rows	Enables automatic catalog behavior for two clients.
44	20260502144948_52528579-2f42-4061-83c0-6ed437618a58.sql	83cbb56ad660656b47b3b2e90d50f2973f87ac7b9c076140999a33e82563cc95	legacy_runtime	EXCLUDE_CLOUDFLARE_TARGET	pg_net and service key argument	Database function continues catalog work through HTTP recursion.
45	20260502145037_fd1dea7b-1067-4fd7-b459-9826cf4c39e9.sql	8f72cf8cc509a69ba9f70c91883bc70391a95853b04b12731323f7c09022ee63	operational_repair	EXCLUDE_OPERATIONAL	outbound task data	Marks legacy queued tasks failed.
46	20260502145049_9645eabd-96fc-46cb-9515-bba2bf57a18a.sql	7a6a912b6d949b387955518d73f040ab6c4278a0c5c2e20d842243abcb8b813f	operational_repair	EXCLUDE_OPERATIONAL	tracking and task data	Resets orphaned queued tracking rows.
47	20260502151515_a224665d-b9a5-4221-9379-a2a141b7cb33.sql	1a581e2b0c19b4c7fd27560c7b9208987e7e09b0bf312a67b6258790726ff3fd	client_config	EXCLUDE_OPERATIONAL	Sa Vida Sa Pedrera Luruna Kava rows	Changes capabilities, push flags and tracking status.
48	20260504105651_e2b61735-15cf-4f92-9546-aee13d483b07.sql	0f9c646e4b6477ca44d236fa85f6a23a8999b04b204689c6a94eac4e46fd7be0	legacy_runtime	EXCLUDE_CLOUDFLARE_TARGET	pg_cron jobs	Unschedules named jobs and can fail on an empty database.
49	20260504113900_d28912e2-0508-4a66-99b6-ffc2df584dd4.sql	7d294885b5e1626f432c9aaed4a65d0c3411a6c47f07700c474022cb094eb1f4	core_schema	INCLUDE	outbound_tasks pos_connections	Adds queue lookup indexes, backoff and circuit breaker state.
50	20260504130209_92cbc001-ce2d-4b8e-a21b-6e6996719f71.sql	b4c5f79310035983eb3e31d8182b4579bf3dbcfb5235ac7ac0016de55c946206	core_function	INCLUDE_SECURITY_GATE	outbound_tasks	Creates SECURITY DEFINER rescue function without explicit EXECUTE revocation.
51	20260518132229_3dbd00c1-b6f0-417d-a80f-95258e1b9dbd.sql	e3481eb473f2f57f42a7c7649ee06886c61a02815114985c227e8c4e261a29ff	client_config	EXCLUDE_OPERATIONAL	Kava row	Marks write capability yes.
52	20260518133223_56032e3e-0542-425f-955e-f52c7af95c13.sql	e3481eb473f2f57f42a7c7649ee06886c61a02815114985c227e8c4e261a29ff	client_config	EXCLUDE_OPERATIONAL	Kava row	Duplicate of migration 51 under a new timestamp.
53	20260518133253_0bde64ac-0499-4fe6-ad51-050b919c6817.sql	acf45367e8a291fe48c34a8629be826290c557856df96c5cf16ca6f7ccc1e21d	client_config	EXCLUDE_OPERATIONAL	Kava row	Marks auto push verified.
54	20260518155104_c7bc41af-a5ea-44c3-b394-f10f60775108.sql	04581a394ba3d703b234acb182796aa3435e413f8561d05617f8d214bf679bf3	operational_repair	EXCLUDE_OPERATIONAL	one production task row	Blocks a runaway task.
55	20260518155621_7b9662ac-1f75-4166-a735-113d0d587815.sql	ba57fa82b676a1377fe14a37eecc186b8743585677ec5b45cc94f63453df50c9	operational_repair	EXCLUDE_OPERATIONAL	one production task row	Repeats the block with next_retry_at reset.
56	20260519052344_1f469ce0-8804-493d-b247-d43d65e94331.sql	385a6fd7af915b432aabe561945feb3b4e98cc6c2269e9de8247ac152ec2ec57	client_config	EXCLUDE_OPERATIONAL	Luruna row	Marks write capability yes.
57	20260519092613_11894c88-dba3-4b2e-ad0d-bb81f7a7211b.sql	88ae4d17ed6d044533197c1b95c9980341e5ac3da1d9daf31b1e7ca71691000c	client_config	EXCLUDE_OPERATIONAL	one production connection row	Enables five minute catalog and glass push.
58	20260522060615_0e8d5b46-b3c2-447c-8388-4f812fd392bb.sql	97892149a68305df9140b05db8dd05709d9cdadc30dd878c9f45e2678dfa3e67	core_schema	INCLUDE	winerim_wines	Adds variant stock identifiers.
59	20260526090000_stock_sync_variant_idempotency.sql	4d87793acffc67adf80421671346d6c1e99d0a71812707482d8ca9563b363694	core_schema_function	INCLUDE_SECURITY_GATE	stock_sync_log outbound_tasks	Adds variant idempotency and SECURITY DEFINER atomic task claim without EXECUTE revocation.
60	20260526091000_user_roles_has_role.sql	67409494c7ff9238ffbffadfe70facfffb6d1b9e9a963ea2f57ed7d0b430a041	auth_schema	INCLUDE_SECURITY_GATE	pos_connections identity provider contract	Creates user_roles and SECURITY DEFINER has_role; no auth.users FK, RLS policies or EXECUTE revocation.
61	20260625044943_connection_health_monitor.sql	6e7a087eb337e6bad92c23abca2bb78ee92ab12723022122ac847f832da150c5	control_plane_schema_mixed	MATERIALIZED_PORTABLE	0002_release_schema_addendum.sql	Health tables are materialized without the conflicting legacy contacts table or pg_net helper.
62	20260625071127_29af3b55-ae05-4175-a786-5d0b54aa740e.sql	13543349a6098a5f38e9742a7b3fc13f6b96178f941599b14d8ef31f98a4ec5c	migration_history_noop	EXCLUDE_NOOP	20260625044943_connection_health_monitor.sql	Remote migration-id placeholder containing only SELECT 1.
63	20260625072756_secure_connection_health_monitor_cron.sql	a9c81541b48437cc640c40813862060af2760c86883116ce3b79593b587639a6	legacy_platform_runtime	EXCLUDE_CLOUDFLARE_TARGET	pg_net	Worker runtime owns outbound HTTP and scheduling.
64	20260625073417_a9f5092e-e4f6-49fa-a9ee-1f7fbe353f8d.sql	acaebe550c246a34b0fad3c18fad0033eef4809e1e232d963eacf266cf6323b2	migration_history_noop	EXCLUDE_NOOP	20260625072756_secure_connection_health_monitor_cron.sql	Remote migration-id placeholder containing only SELECT 1.
65	20260629151602_connection_notification_contacts.sql	da1de7d495214f2b86207e28cd6708cec22e734e1245989d8b65eca2f60e9a07	control_plane_schema	INCLUDE_SECURITY_GATE	service_role update_updated_at_column	Creates backend-only contacts; service_role must be designed for independent Postgres.
66	20260630063407_integration_onboarding_requests.sql	100e26c0369fc3db85e2b00c5da4b95be4c56c82c07344649ebf833907d913a8	control_plane_schema	INCLUDE_SECURITY_GATE	service_role pos_connections update_updated_at_column	Creates sanitized onboarding requests; service_role must be designed.
67	20260713073627_add_agora_provider_sold_at_to_sales_lines.sql	3545354ddc71a23671286446c30c16dc860da92678008a08e6077fad79fb822b	core_schema	MATERIALIZED_PORTABLE	0002_release_schema_addendum.sql	Provider sale timestamp columns and partial index are materialized once in the portable addendum.
68	20260713110809_c7a17c71-be45-4265-a5c9-182005e19599.sql	85291b08ab331bfd1f47763081548bd45fb08307e591ff014cc3847dc47dfc58	duplicate_schema	EXCLUDE_DUPLICATE	20260713073627_add_agora_provider_sold_at_to_sales_lines.sql	Duplicate provider_sold_at schema migration.
69	20260714143100_ed348caa-2bef-4cf3-8de9-919f99832484.sql	cb11978ef0c5daecfdb58680d3f87ab338098326e6319ca65f5ad423075b46ad	operational_repair	EXCLUDE_OPERATIONAL	three production outbound_tasks UUIDs	Requeues named production tasks and is never bootstrap.
70	20260715044848_e842e48a-a0f4-43a3-a52e-f77b556fd460.sql	7577a91d49cca71a2e893f396be8f83bf8c052bb352008ce96b718fa28ad0eeb	data_reconciliation	POST_IMPORT_REVIEW	sales_events imported data	Refund classification and provider_doc_id rewrite require an imported-data diff and backup.
71	20260715090000_agora_refund_sales_guard.sql	df8f25216bb85b5c96638f55accdebef98ee76f6bbf820b5fe49155bcbb8c0f7	duplicate_data_reconciliation	EXCLUDE_DUPLICATE	20260715044848_e842e48a-a0f4-43a3-a52e-f77b556fd460.sql	Duplicate refund reconciliation migration.
72	20260716073810_7228e9d1-4322-4852-8f43-6181cf8ab9d5.sql	79be1af5ba32fe5bebcefc8a14e386a5a02cde13e8b37e47858e3e6cd6be7c19	core_schema_function	MATERIALIZED_PORTABLE	0002_release_schema_addendum.sql	Dispatcher lock table and functions are materialized with middleware_runtime privileges.
73	20260716074136_2e472ece-158f-4c6b-a46c-806487c539ba.sql	44fd94e33dc8735d783491704c830da59bbb77b67b10b325e0c05e18b48a6fbf	core_function_fix	MATERIALIZED_PORTABLE	0002_release_schema_addendum.sql	Final null-safe acquire function body is materialized in the portable addendum.
74	20260716110655_preserve_stock_sync_log_on_sales_line_refresh.sql	cdb41d71666cd429224f605b55f602fbd212d71720d40607ac7f768ba3dc9056	core_schema_constraint	MATERIALIZED_PORTABLE	0002_release_schema_addendum.sql	Durable stock log FK is materialized as ON DELETE SET NULL.
75	20260716122252_a02d0c1d-077e-4365-b2a8-f3929a44f259.sql	1da815220c645a51be1bfb86d6db955a78ea0b7d684ca47a69c74dcc409e1401	duplicate_schema	EXCLUDE_DUPLICATE	20260716110655_preserve_stock_sync_log_on_sales_line_refresh.sql	Duplicate stock log FK migration.
76	20260730152659_middleware_incident_alerting.sql	4d7fea1b83840aba486c805f8dccd48afe9ee7785fcf4f2d097673d055af5cd9	control_plane_schema	INCLUDE_SECURITY_GATE	authenticated service_role pos_connections update_updated_at_column	Creates incident tables; operator visibility is global rather than connection scoped.
77	20260803203800_runtime_canary_prepared_abort.sql	3684c1a3a3c3ce30ce51a158b390778bb405606e0b61cca8bb2354fa23638e25	runtime_control_plane_fix	INCLUDE_SECURITY_GATE	0003_runtime_connection_credentials.sql 0005_runtime_canary_connection_scope.sql	Allows fail-closed abort of prepared canary credentials and scopes without activation; applies immutable terminal lifecycle guards.
