winerim_agora_id,winerim_product_name,winerim_family,status,score,method,legacy_agora_id,legacy_name,legacy_family,duplicates
765280,B Algars Blanc,BLANCOS WINERIM,MATCH,92,CONTAINS,515,Algars,TERRA ALTA,0
764627,B Can Bas D'Origen P5 Muscat,BLANCOS WINERIM,NO_MATCH,0,,,,,0
764631,B Carrasviñas Verdejo,BLANCOS WINERIM,MATCH,92,CONTAINS,243,CARRASVIÑAS,VI BLANC,0
765240,B Casar de Burbia Godello,BLANCOS WINERIM,NO_MATCH,0,,,,,0
764622,B El Quintà Fermentat en Bota,BLANCOS WINERIM,NO_MATCH,0,,,,,0
765250,B Fenomenal Sauvignon Blanc,BLANCOS WINERIM,MATCH,92,CONTAINS,519,Fenomenal,VI BLANC,0
764608,B Ginesta,BLANCOS WINERIM,MATCH,100,EXACT,221,GINESTA,VI BLANC,0
764605,B Honeymoon,BLANCOS WINERIM,MATCH,95,FUZZY,217,HONEY MOON,VI BLANC,0
764616,B Il·lusió,BLANCOS WINERIM,MATCH,100,EXACT,229,IL·LUSIO,VI BLANC,0
765102,B La Trucha Blanco,BLANCOS WINERIM,MATCH,92,CONTAINS,247,LA TRUCHA,VI BLANC,0
764611,B Mas Escorpí,BLANCOS WINERIM,MATCH,92,CONTAINS,224,GRAMONA MAS ESCORPI,VI BLANC,0
765206,B Notes De Blanc,BLANCOS WINERIM,MATCH,100,EXACT,218,NOTES DE BLANC,VI BLANC,0
765300,B Parvus Chardonnay,BLANCOS WINERIM,REVIEW,80,FUZZY,106,AA chardonnay,VI BLANC,0
764606,B Parés Baltà Amphora Brisat,BLANCOS WINERIM,NO_MATCH,62,FUZZY,220,AMFORA BRISAT,VI BLANC,0
764607,B Parés Baltà Amphora Roja,BLANCOS WINERIM,NO_MATCH,0,,,,,0
764630,B Perafita Picapoll Oxidat,BLANCOS WINERIM,NO_MATCH,0,,,,,0
764633,B Ramón Do Casar Treixadura,BLANCOS WINERIM,MATCH,92,CONTAINS,245,RAMON DO CASAR,VI BLANC,0
764625,B SO Can Roda Pansa Blanca,BLANCOS WINERIM,MATCH,92,CONTAINS,518,Can roda,VI BLANC,0
764609,B Satèl·lit,BLANCOS WINERIM,MATCH,100,EXACT,222,SATEL·LIT,VI BLANC,0
971458,C Dulce de Invierno,COPAS WINERIM,NO_MATCH,0,,,,,0
764654,B Bocchoris Brut Nature,ESPUMOSOS WINERIM,NO_MATCH,63,FUZZY,259,RECAREDO BRUT NATURE,CAVA,0
785747,B Coll de la Sitja Ancestral,ESPUMOSOS WINERIM,NO_MATCH,0,,,,,0
764651,B Gramona Imperial Brut,ESPUMOSOS WINERIM,MATCH,92,CONTAINS,268,GRAMONA IMPERIAL,CAVA,0
785748,B Para Roques Ancestral,ESPUMOSOS WINERIM,NO_MATCH,0,,,,,0
764646,B Pere Ventura Reserva Brut,ESPUMOSOS WINERIM,REVIEW,74,FUZZY,264,PERE VENTURA BRUT NAT,CAVA,0
776053,B Primer Reserva Brut,ESPUMOSOS WINERIM,NO_MATCH,63,FUZZY,138,PESQUERA RESERVA,RIBERA DUERO,0
764639,B Raventós i Blanc de Nit,ESPUMOSOS WINERIM,MATCH,92,CONTAINS,256,DE NIT,CAVA,0
764642,B Serral del Vell,ESPUMOSOS WINERIM,NO_MATCH,0,,,,,0
775951,B Subtil Brut Nature Gran Reserva,ESPUMOSOS WINERIM,NO_MATCH,60,FUZZY,258,ROVELLATS GRAN RESERVA,CAVA,0
764645,B Sumarroca Brut Nature Gran Reserva,ESPUMOSOS WINERIM,MATCH,92,CONTAINS,262,SUMARROCA,CAVA,0
764643,B Terrers Brut Nature Gran Reserva,ESPUMOSOS WINERIM,NO_MATCH,0,,,,,0
1164544,M PSI,MAGNUM WINERIM,MATCH,100,EXACT,153,PSI,RIBERA DUERO,2
765279,B Algars Rosat,ROSADOS WINERIM,MATCH,92,CONTAINS,515,Algars,TERRA ALTA,0
764600,B Bàrbara Forés Rosat,ROSADOS WINERIM,MATCH,100,EXACT,213,BARBARA FORES ROSAT,VI ROSAT,0
764603,B La Rosa,ROSADOS WINERIM,MATCH,100,EXACT,215,LA ROSA,VI ROSAT,0
764598,B Mas Comtal Rosat de Llàgrima,ROSADOS WINERIM,MATCH,92,CONTAINS,211,MAS COMTAL ROSAT,VI ROSAT,0
764599,B Portell Rosat Trepat,ROSADOS WINERIM,MATCH,92,CONTAINS,212,PORTELL,VI ROSAT,0
765229,B Sindicat la Figuera Rosat,ROSADOS WINERIM,MATCH,94,FUZZY,216,SINDICAT FIGUERA ROSAT,VI ROSAT,0
775945,B Sindicat la Figuera Rosat 945,ROSADOS WINERIM,REVIEW,86,FUZZY,216,SINDICAT FIGUERA ROSAT,VI ROSAT,0
764491,B Abadal 3.9,TINTOS WINERIM,MATCH,100,EXACT,91,ABADAL 3.9,PLA DE BAGES,0
769697,B Abadal 5 Merlot,TINTOS WINERIM,NO_MATCH,67,FUZZY,89,ABADAL SELECCIO,PLA DE BAGES,0
764490,B Abadal Reserva Selecció 0.7,TINTOS WINERIM,NO_MATCH,71,FUZZY,89,ABADAL SELECCIO,PLA DE BAGES,0
763427,B Acústic,TINTOS WINERIM,MATCH,100,EXACT,34,ACUSTIC,MONTSANT,0
763645,B Ad Fines,TINTOS WINERIM,MATCH,100,EXACT,71,AD FINES,PENEDES,0
765281,B Algars Negre,TINTOS WINERIM,MATCH,92,CONTAINS,515,Algars,TERRA ALTA,0
763403,B Amadis,TINTOS WINERIM,MATCH,100,EXACT,13,AMADIS,PRIORAT,0
765634,B Amadis 634,TINTOS WINERIM,MATCH,92,CONTAINS,13,AMADIS,PRIORAT,0
763636,B Black,TINTOS WINERIM,MATCH,100,EXACT,61,BLACK,PENEDES,0
769689,B Black 689,TINTOS WINERIM,MATCH,92,CONTAINS,61,BLACK,PENEDES,0
763428,B Brunus,TINTOS WINERIM,MATCH,100,EXACT,35,BRUNUS,MONTSANT,0
763387,B Bàrbara Forés Negre,TINTOS WINERIM,MATCH,100,EXACT,53,BARBARA FORES NEGRE,TERRA ALTA,0
767227,B Bàrbara Forés Negre 227,TINTOS WINERIM,MATCH,92,CONTAINS,53,BARBARA FORES NEGRE,TERRA ALTA,0
763412,B Camins del Priorat,TINTOS WINERIM,MATCH,97,FUZZY,22,CAMINS DE PRIORAT,PRIORAT,0
763642,B Can Feixes Negre Tradició,TINTOS WINERIM,MATCH,92,CONTAINS,67,CAN FEIXES,PENEDES,0
769692,B Can Feixes Negre Tradició 692,TINTOS WINERIM,MATCH,92,CONTAINS,67,CAN FEIXES,PENEDES,0
763413,B Celler Cal Pla Mas d'en Compte,TINTOS WINERIM,NO_MATCH,64,FUZZY,23,MAS D'EN COMTE,PRIORAT,0
763394,B Cims de Porrera Clàssic,TINTOS WINERIM,MATCH,100,EXACT,5,CIMS DE PORRERA CLASSIC,PRIORAT,0
763406,B Clos Martinet,TINTOS WINERIM,MATCH,100,EXACT,16,CLOS MARTINET,PRIORAT,0
763397,B Clos Mogador,TINTOS WINERIM,MATCH,100,EXACT,8,CLOS MOGADOR,PRIORAT,0
765650,B Clos Mogador 650,TINTOS WINERIM,MATCH,92,CONTAINS,8,CLOS MOGADOR,PRIORAT,0
764499,B Coma Bruna,TINTOS WINERIM,NO_MATCH,69,FUZZY,101,ESPELT COMABRUNA,EMPORDA COSTA BRAVA,0
767233,B Coma d'En Pou,TINTOS WINERIM,REVIEW,80,FUZZY,228,MAS D'EN POL,VI BLANC,0
764511,B Contino Reserva,TINTOS WINERIM,MATCH,92,CONTAINS,119,CONTINO,RIOJA,0
763655,B Cristiari d’Alòs,TINTOS WINERIM,MATCH,93,FUZZY,84,CRISTIARI ALOS,COSTERS SEGRE,0
769699,B Cristiari d’Alòs 699,TINTOS WINERIM,REVIEW,82,FUZZY,84,CRISTIARI ALOS,COSTERS SEGRE,0
769701,B Cérvoles Garnatxa de Cérvoles Vinyes Altes de Les Garrigues,TINTOS WINERIM,MATCH,92,CONTAINS,241,CERVOLES,VI BLANC,0
764518,B Dalmau,TINTOS WINERIM,MATCH,100,EXACT,126,DALMAU,RIOJA,0
763418,B Destí,TINTOS WINERIM,MATCH,92,CONTAINS,27,DESTI MERUM PRIORATI,PRIORAT,0
763602,B Dido Negre,TINTOS WINERIM,NO_MATCH,61,FUZZY,50,PORTELL NEGRE,CONCA DE BARBERA,0
767298,B El Gos Garnatxa Negre,TINTOS WINERIM,NO_MATCH,0,,,,,0
763601,B El Pispa,TINTOS WINERIM,MATCH,100,EXACT,38,EL PISPA,MONTSANT,0
765286,B El Templari,TINTOS WINERIM,MATCH,100,EXACT,55,EL TEMPLARI,TERRA ALTA,0
764529,B Emilio Moro,TINTOS WINERIM,MATCH,100,EXACT,137,EMILIO MORO,RIBERA DUERO,0
764545,B Ferratus,TINTOS WINERIM,MATCH,100,EXACT,155,FERRATUS,RIBERA DUERO,0
769708,B Ferratus 708,TINTOS WINERIM,MATCH,92,CONTAINS,155,FERRATUS,RIBERA DUERO,0
763399,B Finca Dofí,TINTOS WINERIM,NO_MATCH,61,FUZZY,120,VIÑA TONDONIA,RIOJA,0
763635,B Finca La Milana,TINTOS WINERIM,MATCH,92,CONTAINS,60,LA MILANA,PENEDES,0
769722,B Finca La Montesa,TINTOS WINERIM,NO_MATCH,65,FUZZY,96,FINCA MALAVEINA,EMPORDA COSTA BRAVA,0
764494,B Finca Malaveïna,TINTOS WINERIM,MATCH,100,EXACT,96,FINCA MALAVEINA,EMPORDA COSTA BRAVA,0
769660,B Finca Malaveïna 2013,TINTOS WINERIM,MATCH,92,CONTAINS,96,FINCA MALAVEINA,EMPORDA COSTA BRAVA,0
764547,B Finca Resalso,TINTOS WINERIM,MATCH,100,EXACT,157,FINCA RESALSO,RIBERA DUERO,0
782807,B Garnatxa - Hisenda Miret,TINTOS WINERIM,MATCH,92,CONTAINS,79,HISENDA MIRET,PENEDES,0
782808,B Garnatxa - Hisenda Miret 808,TINTOS WINERIM,MATCH,92,CONTAINS,79,HISENDA MIRET,PENEDES,0
763641,B Gran Caus,TINTOS WINERIM,MATCH,100,EXACT,66,GRAN CAUS,PENEDES,0
764493,B Gran Claustro,TINTOS WINERIM,MATCH,100,EXACT,95,GRAN CLAUSTRO,EMPORDA COSTA BRAVA,0
763398,B Gran Clos,TINTOS WINERIM,MATCH,100,EXACT,9,GRAN CLOS,PRIORAT,0
769729,B Gran Reserva 904,TINTOS WINERIM,NO_MATCH,63,FUZZY,258,ROVELLATS GRAN RESERVA,CAVA,0
764531,B Hacienda Monasterio Reserva,TINTOS WINERIM,MATCH,92,CONTAINS,141,HACIENDA MONASTERIO,RIBERA DUERO,0
769714,B Hacienda Monasterio Reserva 714,TINTOS WINERIM,MATCH,92,CONTAINS,141,HACIENDA MONASTERIO,RIBERA DUERO,0
765293,B Hito,TINTOS WINERIM,MATCH,100,EXACT,493,Hito,RIBERA DUERO,0
763416,B Inici,TINTOS WINERIM,MATCH,92,CONTAINS,26,INICI MERUM PRIORATI,PRIORAT,0
763649,B Isabel Negra,TINTOS WINERIM,MATCH,100,EXACT,76,ISABEL NEGRA,PENEDES,0
769695,B Isabel Negra 695,TINTOS WINERIM,MATCH,92,CONTAINS,76,ISABEL NEGRA,PENEDES,0
763405,B L'Ermita Velles Vinyes,TINTOS WINERIM,MATCH,92,CONTAINS,15,L'ERMITA,PRIORAT,0
765648,B L'Ermita Velles Vinyes 648,TINTOS WINERIM,MATCH,92,CONTAINS,15,L'ERMITA,PRIORAT,0
763625,B La Cuca de Llum,TINTOS WINERIM,MATCH,92,CONTAINS,46,CUCA DE LLUM,CONCA DE BARBERA,0
764521,B La Vicalanda Reserva,TINTOS WINERIM,MATCH,92,CONTAINS,129,LA VICALANDA,RIOJA,0
763621,B Laurona,TINTOS WINERIM,MATCH,100,EXACT,41,LAURONA,MONTSANT,0
767286,B Les Tallades,TINTOS WINERIM,MATCH,100,EXACT,45,LES TALLADES,MONTSANT,0
763400,B Les Terrasses,TINTOS WINERIM,MATCH,100,EXACT,11,LES TERRASSES,PRIORAT,2
765655,B Les Terrasses 655,TINTOS WINERIM,MATCH,92,CONTAINS,11,LES TERRASSES,PRIORAT,2
764496,B Llavors Negre,TINTOS WINERIM,MATCH,92,CONTAINS,98,LLAVORS,EMPORDA COSTA BRAVA,0
763607,B Llàgrimes de Tardor Criança,TINTOS WINERIM,MATCH,92,CONTAINS,54,LLAGRIMES DE TARDOR,TERRA ALTA,0
763408,B Lo Cabaló,TINTOS WINERIM,MATCH,100,EXACT,18,LO CABALO,PRIORAT,0
764505,B Luis Cañas Crianza,TINTOS WINERIM,MATCH,92,CONTAINS,113,LUIS CAÑAS,RIOJA,0
774054,B Marqués de Murrieta Reserva,TINTOS WINERIM,MATCH,92,CONTAINS,108,MARQUES DE MURRIETA,RIOJA,0
764506,B Marqués de Riscal Reserva,TINTOS WINERIM,MATCH,92,CONTAINS,114,MARQUES DE RISCAL,RIOJA,0
763395,B Martinet Bru,TINTOS WINERIM,MATCH,100,EXACT,6,MARTINET BRU,PRIORAT,0
765640,B Martinet Bru 640,TINTOS WINERIM,MATCH,92,CONTAINS,6,MARTINET BRU,PRIORAT,0
763616,B Mas Donis Negre,TINTOS WINERIM,NO_MATCH,0,,,,,0
782797,B Mas Elena,TINTOS WINERIM,REVIEW,74,FUZZY,223,MAS ESTELA,VI BLANC,0
763407,B Mas Igneus,TINTOS WINERIM,MATCH,100,EXACT,17,MAS IGNEUS,PRIORAT,0
763637,B Mas Irene,TINTOS WINERIM,MATCH,100,EXACT,62,MAS IRENE,PENEDES,0
763423,B Mas de Subirà Criança,TINTOS WINERIM,NO_MATCH,65,FUZZY,139,PESQUERA CRIANÇA,RIBERA DUERO,0
763409,B Morlanda Crianza,TINTOS WINERIM,MATCH,92,CONTAINS,19,MORLANDA,PRIORAT,0
764516,B Muga Crianza,TINTOS WINERIM,NO_MATCH,64,FUZZY,139,PESQUERA CRIANÇA,RIBERA DUERO,0
763652,B Neolitic de Sumoll,TINTOS WINERIM,MATCH,92,CONTAINS,80,NEOLITIC,PENEDES,0
763650,B Nerola Tinto,TINTOS WINERIM,NO_MATCH,60,FUZZY,80,NEOLITIC,PENEDES,0
765200,B Notes de Negre,TINTOS WINERIM,NO_MATCH,71,FUZZY,218,NOTES DE BLANC,VI BLANC,0
764500,B Orbus,TINTOS WINERIM,MATCH,100,EXACT,105,ORBUS,ALELLA,0
764543,B PSI,TINTOS WINERIM,MATCH,100,EXACT,153,PSI,RIBERA DUERO,2
769705,B PSI 705,TINTOS WINERIM,NO_MATCH,60,FUZZY,153,PSI,RIBERA DUERO,0
764532,B Pago de Carraovejas,TINTOS WINERIM,MATCH,100,EXACT,142,PAGO DE CARRAOVEJAS,RIBERA DUERO,0
763647,B Pas Curtei,TINTOS WINERIM,MATCH,100,EXACT,74,PAS CURTEI,PENEDES,0
764497,B Perafita,TINTOS WINERIM,MATCH,92,CONTAINS,99,PERAFITA NEGRE,EMPORDA COSTA BRAVA,2
765658,B Peraj Ha'abib,TINTOS WINERIM,NO_MATCH,0,,,,,0
763410,B Perinet,TINTOS WINERIM,MATCH,92,CONTAINS,20,MAS PERINET,PRIORAT,0
765632,B Perinet Vinya Mas Vell,TINTOS WINERIM,NO_MATCH,0,,,,,0
767217,B Perinet Vinya Mas Vell 217,TINTOS WINERIM,NO_MATCH,0,,,,,0
769706,B Pesquera Crianza,TINTOS WINERIM,MATCH,94,FUZZY,139,PESQUERA CRIANÇA,RIBERA DUERO,0
763658,B Petit Saó,TINTOS WINERIM,MATCH,100,EXACT,87,PETIT SAO,COSTERS SEGRE,0
763644,B Petrea Merlot,TINTOS WINERIM,MATCH,92,CONTAINS,70,PETREA,PENEDES,0
763425,B Predicat,TINTOS WINERIM,MATCH,100,EXACT,30,PREDICAT,PRIORAT,0
764524,B Propiedad,TINTOS WINERIM,MATCH,100,EXACT,132,PROPIEDAD,RIOJA,0
764527,B Protos,TINTOS WINERIM,MATCH,92,CONTAINS,134,PROTOS RESERVA,RIBERA DUERO,2
764526,B Protos Reserva,TINTOS WINERIM,MATCH,100,EXACT,134,PROTOS RESERVA,RIBERA DUERO,0
764501,B Remelluri Reserva,TINTOS WINERIM,MATCH,92,CONTAINS,110,REMELLURI,RIOJA,0
764502,B Remírez de Ganuza Reserva,TINTOS WINERIM,REVIEW,76,FUZZY,111,RAMIREZ DE GANUZA,RIOJA,0
763657,B Saó Abrivat,TINTOS WINERIM,MATCH,100,EXACT,86,SAO ABRIVAT,COSTERS SEGRE,0
769702,B Saó Abrivat 702,TINTOS WINERIM,MATCH,92,CONTAINS,86,SAO ABRIVAT,COSTERS SEGRE,0
763396,B Scala Dei Negre,TINTOS WINERIM,MATCH,92,CONTAINS,7,SCALA DEI,PRIORAT,0
765642,B Scala Dei Negre 642,TINTOS WINERIM,MATCH,92,CONTAINS,7,SCALA DEI,PRIORAT,0
769696,B Selección Especial Masía Freye,TINTOS WINERIM,NO_MATCH,0,,,,,0
769686,B Serres Velles Garnatxa Negra,TINTOS WINERIM,NO_MATCH,0,,,,,0
765294,B Sierra Cantabria Crianza,TINTOS WINERIM,MATCH,92,CONTAINS,109,SIERRA CANTABRIA,RIOJA,0
765230,B Sindicat La Figuera,TINTOS WINERIM,MATCH,91,FUZZY,33,SINDICAT FIGUERA,MONTSANT,0
775946,B Sindicat la Figuera Garnatxa Fina,TINTOS WINERIM,REVIEW,73,FUZZY,216,SINDICAT FIGUERA ROSAT,VI ROSAT,0
765654,B Solanes,TINTOS WINERIM,NO_MATCH,62,FUZZY,516,Icones,VI BLANC,0
764489,B Solergibert Merlot Reserva,TINTOS WINERIM,NO_MATCH,0,,,,,0
775954,B Sotabosc,TINTOS WINERIM,MATCH,100,EXACT,514,Sotabosc,PLA DE BAGES,0
763429,B Teixar,TINTOS WINERIM,MATCH,100,EXACT,36,TEIXAR,MONTSANT,0
769712,B Tionio Reserva,TINTOS WINERIM,NO_MATCH,71,FUZZY,134,PROTOS RESERVA,RIBERA DUERO,0
769707,B Valdubón Reserva,TINTOS WINERIM,MATCH,92,CONTAINS,144,Valdubon,RIBERA DUERO,0
763620,B Venus,TINTOS WINERIM,MATCH,100,EXACT,40,VENUS,MONTSANT,0
767291,B Venus  291,TINTOS WINERIM,MATCH,92,CONTAINS,40,VENUS,MONTSANT,0
773496,B Venus  496,TINTOS WINERIM,MATCH,92,CONTAINS,40,VENUS,MONTSANT,0
763415,B Vi de Vila,TINTOS WINERIM,NO_MATCH,65,FUZZY,25,VI DE LA VILA PORRERA,PRIORAT,0
763608,B Via Edetana,TINTOS WINERIM,MATCH,100,EXACT,56,VIA EDETANA,TERRA ALTA,0
763643,B Vinya Le Havre,TINTOS WINERIM,NO_MATCH,69,FUZZY,100,VINYA SELVA DE MAR,EMPORDA COSTA BRAVA,0
769682,B Vinya Le Havre 682,TINTOS WINERIM,NO_MATCH,61,FUZZY,100,VINYA SELVA DE MAR,EMPORDA COSTA BRAVA,0
764498,B Vinya Selva de Mar,TINTOS WINERIM,MATCH,100,EXACT,100,VINYA SELVA DE MAR,EMPORDA COSTA BRAVA,0
764522,B Viña Alberdi,TINTOS WINERIM,MATCH,100,EXACT,130,VIÑA ALBERDI,RIOJA,0
764507,B Viña Ardanza Reserva,TINTOS WINERIM,MATCH,92,CONTAINS,115,VIÑA ARDANZA,RIOJA,0
764510,B Viña Pomal,TINTOS WINERIM,MATCH,100,EXACT,118,VIÑA POMAL,RIOJA,0
769720,B Viña Tondonia Gran Reserva,TINTOS WINERIM,MATCH,92,CONTAINS,120,VIÑA TONDONIA,RIOJA,2
776078,B Ètim Grenache,TINTOS WINERIM,NO_MATCH,0,,,,,0
763402,B Ònix Clàssic,TINTOS WINERIM,NO_MATCH,0,,,,,0
765643,B Ònix Clàssic 643,TINTOS WINERIM,NO_MATCH,0,,,,,0
