legacy_agora_id,legacy_name,legacy_family,status,score,method,winerim_agora_id,winerim_product_name,winerim_family,duplicates
105,ORBUS,ALELLA,MATCH,100,EXACT,764500,B Orbus,TINTOS WINERIM,0
107,PARVUS NEGRE,ALELLA,REVIEW,75,FUZZY,765281,B Algars Negre,TINTOS WINERIM,0
104,ROURA MERLOT,ALELLA,REVIEW,72,FUZZY,763644,B Petrea Merlot,TINTOS WINERIM,0
187,GRAN ABADENGO,ARRIBES DEL DUERO,NO_MATCH,0,,,,,0
171,ALMAZCARA MAJARA,BIERZO,NO_MATCH,0,,,,,0
170,CEPAS VIEJAS,BIERZO,NO_MATCH,0,,,,,0
172,JARAJE ALMAZCARA,BIERZO,NO_MATCH,0,,,,,0
169,PETALOS DEL BIERZO,BIERZO,NO_MATCH,0,,,,,0
186,LAS REÑAS,BULLAS,NO_MATCH,67,FUZZY,763637,B Mas Irene,TINTOS WINERIM,0
207,OPUS ONE,CALIFORNIA,NO_MATCH,0,,,,,0
176,ABADIA RETUERTA ESPECIAL,CASTILLA Y LEON,NO_MATCH,63,FUZZY,764490,B Abadal Reserva Selecció 0.7,TINTOS WINERIM,0
175,ABADIA RETUERTA RIVOLA,CASTILLA Y LEON,NO_MATCH,0,,,,,0
173,EL LINCE,CASTILLA Y LEON,NO_MATCH,0,,,,,0
177,MAURO,CASTILLA Y LEON,NO_MATCH,67,FUZZY,763621,B Laurona,TINTOS WINERIM,0
174,PAGO VICARIO DENTA,CASTILLA Y LEON,NO_MATCH,0,,,,,0
178,QS,CASTILLA Y LEON,NO_MATCH,0,,,,,0
255,BLANCA CUSINE,CAVA,NO_MATCH,0,,,,,0
270,CARLES ANDREU,CAVA,NO_MATCH,0,,,,,0
271,CARLES ANDREU ROSE,CAVA,NO_MATCH,0,,,,,0
273,CAVA BOXORIS,CAVA,NO_MATCH,0,,,,,0
256,DE NIT,CAVA,MATCH,92,CONTAINS,764639,B Raventós i Blanc de Nit,ESPUMOSOS WINERIM,0
268,GRAMONA IMPERIAL,CAVA,MATCH,92,CONTAINS,764651,B Gramona Imperial Brut,ESPUMOSOS WINERIM,0
269,GRAMONA TRES LUSTROS,CAVA,NO_MATCH,61,FUZZY,764493,B Gran Claustro,TINTOS WINERIM,0
261,JUVE & CAMPS FAMILIA,CAVA,NO_MATCH,0,,,,,0
267,NADAL SALVATGE,CAVA,NO_MATCH,0,,,,,0
266,PARXET,CAVA,NO_MATCH,62,FUZZY,763410,B Perinet,TINTOS WINERIM,0
263,PERE VENTURA 50CL,CAVA,NO_MATCH,62,FUZZY,764646,B Pere Ventura Reserva Brut,ESPUMOSOS WINERIM,0
264,PERE VENTURA BRUT NAT,CAVA,REVIEW,74,FUZZY,764646,B Pere Ventura Reserva Brut,ESPUMOSOS WINERIM,0
265,PERE VENTURA BRUT RSV,CAVA,REVIEW,74,FUZZY,764646,B Pere Ventura Reserva Brut,ESPUMOSOS WINERIM,0
272,PRIVAT LAIETA,CAVA,NO_MATCH,0,,,,,0
260,RECAREDO BRUT DE BRUT,CAVA,NO_MATCH,0,,,,,0
259,RECAREDO BRUT NATURE,CAVA,NO_MATCH,63,FUZZY,764654,B Bocchoris Brut Nature,ESPUMOSOS WINERIM,0
258,ROVELLATS GRAN RESERVA,CAVA,NO_MATCH,67,FUZZY,764501,B Remelluri Reserva,TINTOS WINERIM,0
262,SUMARROCA,CAVA,MATCH,92,CONTAINS,764645,B Sumarroca Brut Nature Gran Reserva,ESPUMOSOS WINERIM,0
257,TURO D'EN MATA,CAVA,NO_MATCH,0,,,,,0
275,CHAMPAGNE DES PRINCES,CHAMPAGNE,NO_MATCH,0,,,,,0
274,TAITTINGER VINTAGE,CHAMPAGNE,NO_MATCH,0,,,,,0
46,CUCA DE LLUM,CONCA DE BARBERA,MATCH,92,CONTAINS,763625,B La Cuca de Llum,TINTOS WINERIM,0
47,GRAN MURALLAS,CONCA DE BARBERA,NO_MATCH,64,FUZZY,763398,B Gran Clos,TINTOS WINERIM,0
48,JOSEP FORASTER,CONCA DE BARBERA,NO_MATCH,0,,,,,0
50,PORTELL NEGRE,CONCA DE BARBERA,NO_MATCH,67,FUZZY,765200,B Notes de Negre,TINTOS WINERIM,0
49,SUCCES EL MENTIDER,CONCA DE BARBERA,NO_MATCH,0,,,,,0
84,CRISTIARI ALOS,COSTERS SEGRE,MATCH,93,FUZZY,763655,B Cristiari d’Alòs,TINTOS WINERIM,0
87,PETIT SAO,COSTERS SEGRE,MATCH,100,EXACT,763658,B Petit Saó,TINTOS WINERIM,0
85,PETIT SIOS,COSTERS SEGRE,REVIEW,84,FUZZY,763658,B Petit Saó,TINTOS WINERIM,0
83,QUATRE VARIETATS,COSTERS SEGRE,NO_MATCH,0,,,,,0
86,SAO ABRIVAT,COSTERS SEGRE,MATCH,100,EXACT,763657,B Saó Abrivat,TINTOS WINERIM,0
101,ESPELT COMABRUNA,EMPORDA COSTA BRAVA,NO_MATCH,69,FUZZY,764499,B Coma Bruna,TINTOS WINERIM,0
103,FINCA FUROT RESERVA,EMPORDA COSTA BRAVA,NO_MATCH,67,FUZZY,764507,B Viña Ardanza Reserva,TINTOS WINERIM,0
96,FINCA MALAVEINA,EMPORDA COSTA BRAVA,MATCH,100,EXACT,764494,B Finca Malaveïna,TINTOS WINERIM,0
102,FUROT MONESTIR,EMPORDA COSTA BRAVA,NO_MATCH,0,,,,,0
95,GRAN CLAUSTRO,EMPORDA COSTA BRAVA,MATCH,100,EXACT,764493,B Gran Claustro,TINTOS WINERIM,0
98,LLAVORS,EMPORDA COSTA BRAVA,MATCH,92,CONTAINS,764496,B Llavors Negre,TINTOS WINERIM,0
93,MAS GELI,EMPORDA COSTA BRAVA,NO_MATCH,71,FUZZY,782797,B Mas Elena,TINTOS WINERIM,0
94,OLIVER CONTI,EMPORDA COSTA BRAVA,NO_MATCH,0,,,,,0
97,OLIVER CONTI CARLOTA,EMPORDA COSTA BRAVA,NO_MATCH,0,,,,,0
99,PERAFITA NEGRE,EMPORDA COSTA BRAVA,MATCH,92,CONTAINS,764497,B Perafita,TINTOS WINERIM,0
100,VINYA SELVA DE MAR,EMPORDA COSTA BRAVA,MATCH,100,EXACT,764498,B Vinya Selva de Mar,TINTOS WINERIM,0
189,VIÑA SARA,EXTREMADURA,NO_MATCH,67,FUZZY,764522,B Viña Alberdi,TINTOS WINERIM,0
192,ANTONIN RODET,FRANÇA,NO_MATCH,0,,,,,0
194,CAHTEAU PAVEIL LUZE,FRANÇA,NO_MATCH,0,,,,,0
201,CHATEAU CAIX,FRANÇA,NO_MATCH,0,,,,,0
196,CHATEAU CANTENAC BROWN,FRANÇA,NO_MATCH,0,,,,,0
200,CHATEAU CHAMBERT,FRANÇA,NO_MATCH,0,,,,,0
199,CHATEAU HAUT PIRAGUEY,FRANÇA,NO_MATCH,0,,,,,0
197,CHATEAU LAFITE ROTHSCHILD,FRANÇA,NO_MATCH,0,,,,,0
198,CHATEAU LAGREZETTE,FRANÇA,NO_MATCH,0,,,,,0
193,CHATEAU MOLLERET,FRANÇA,NO_MATCH,0,,,,,0
191,COUVENT DES JACOBINS,FRANÇA,NO_MATCH,0,,,,,0
195,LOUIS LATOUR,FRANÇA,NO_MATCH,0,,,,,0
190,MOUTON CADET,FRANÇA,NO_MATCH,0,,,,,0
185,SEÑORIO DE NEVADA,GRANADA,NO_MATCH,0,,,,,0
204,SANTINO,GRECIA,NO_MATCH,0,,,,,0
203,BARBARESCO,ITALIA,NO_MATCH,62,FUZZY,764600,B Bàrbara Forés Rosat,ROSADOS WINERIM,0
202,NEBBIOLO,ITALIA,NO_MATCH,0,,,,,0
34,ACUSTIC,MONTSANT,MATCH,100,EXACT,763427,B Acústic,TINTOS WINERIM,0
35,BRUNUS,MONTSANT,MATCH,100,EXACT,763428,B Brunus,TINTOS WINERIM,0
42,DIDO,MONTSANT,NO_MATCH,0,,,,,0
38,EL PISPA,MONTSANT,MATCH,100,EXACT,763601,B El Pispa,TINTOS WINERIM,0
39,ETIM,MONTSANT,NO_MATCH,67,FUZZY,763418,B Destí,TINTOS WINERIM,0
37,KOSHER FLOR DE PRIMAVERA,MONTSANT,NO_MATCH,0,,,,,0
41,LAURONA,MONTSANT,MATCH,100,EXACT,763621,B Laurona,TINTOS WINERIM,0
44,LES COMES D'ORTO,MONTSANT,NO_MATCH,0,,,,,0
45,LES TALLADES,MONTSANT,MATCH,100,EXACT,767286,B Les Tallades,TINTOS WINERIM,0
33,SINDICAT FIGUERA,MONTSANT,MATCH,91,FUZZY,765230,B Sindicat La Figuera,TINTOS WINERIM,0
36,TEIXAR,MONTSANT,MATCH,100,EXACT,763429,B Teixar,TINTOS WINERIM,0
40,VENUS,MONTSANT,MATCH,100,EXACT,763620,B Venus,TINTOS WINERIM,0
43,VESSANTS,MONTSANT,NO_MATCH,0,,,,,0
160,PRINCIPE DE VIANA 1423,NAVARRA,NO_MATCH,0,,,,,0
158,SEÑOR DE CASCANTE,NAVARRA,NO_MATCH,0,,,,,0
159,SEÑORIO DE SARRIA,NAVARRA,NO_MATCH,0,,,,,0
71,AD FINES,PENEDES,MATCH,100,EXACT,763645,B Ad Fines,TINTOS WINERIM,0
73,ALBET I NOYA CURIOS,PENEDES,NO_MATCH,0,,,,,0
78,AUGUSTUS,PENEDES,NO_MATCH,0,,,,,0
61,BLACK,PENEDES,MATCH,100,EXACT,763636,B Black,TINTOS WINERIM,0
67,CAN FEIXES,PENEDES,MATCH,92,CONTAINS,763642,B Can Feixes Negre Tradició,TINTOS WINERIM,2
82,ELS RAUSTALS RECAREDO,PENEDES,NO_MATCH,0,,,,,0
513,El curios,PENEDES,NO_MATCH,62,FUZZY,764603,B La Rosa,ROSADOS WINERIM,0
66,GRAN CAUS,PENEDES,MATCH,100,EXACT,763641,B Gran Caus,TINTOS WINERIM,0
64,GRAN CORONAS 1983,PENEDES,NO_MATCH,62,FUZZY,763398,B Gran Clos,TINTOS WINERIM,0
63,GRAN CORONAS 1992,PENEDES,NO_MATCH,62,FUZZY,763398,B Gran Clos,TINTOS WINERIM,0
65,GRAN CORONAS ET.NEGRA,PENEDES,NO_MATCH,0,,,,,0
68,HEREDAD MONTSARRA,PENEDES,NO_MATCH,0,,,,,0
79,HISENDA MIRET,PENEDES,MATCH,92,CONTAINS,782807,B Garnatxa - Hisenda Miret,TINTOS WINERIM,2
76,ISABEL NEGRA,PENEDES,MATCH,100,EXACT,763649,B Isabel Negra,TINTOS WINERIM,0
81,JEAN LEON,PENEDES,NO_MATCH,0,,,,,0
69,JEAN LEON 2007,PENEDES,NO_MATCH,0,,,,,0
60,LA MILANA,PENEDES,MATCH,92,CONTAINS,763635,B Finca La Milana,TINTOS WINERIM,0
62,MAS IRENE,PENEDES,MATCH,100,EXACT,763637,B Mas Irene,TINTOS WINERIM,0
72,NAVERAN,PENEDES,NO_MATCH,0,,,,,0
80,NEOLITIC,PENEDES,MATCH,92,CONTAINS,763652,B Neolitic de Sumoll,TINTOS WINERIM,0
77,NEROLA SYRAH,PENEDES,NO_MATCH,0,,,,,0
74,PAS CURTEI,PENEDES,MATCH,100,EXACT,763647,B Pas Curtei,TINTOS WINERIM,0
70,PETREA,PENEDES,MATCH,92,CONTAINS,763644,B Petrea Merlot,TINTOS WINERIM,0
75,SOT LEFREIC,PENEDES,NO_MATCH,0,,,,,0
59,TERRAL SUMARROCA,PENEDES,NO_MATCH,0,,,,,0
91,ABADAL 3.9,PLA DE BAGES,MATCH,100,EXACT,764491,B Abadal 3.9,TINTOS WINERIM,0
92,ABADAL CRIANÇA,PLA DE BAGES,NO_MATCH,67,FUZZY,763409,B Morlanda Crianza,TINTOS WINERIM,0
89,ABADAL SELECCIO,PLA DE BAGES,NO_MATCH,71,FUZZY,764490,B Abadal Reserva Selecció 0.7,TINTOS WINERIM,0
90,CEDRUS MERLOT,PLA DE BAGES,NO_MATCH,69,FUZZY,763644,B Petrea Merlot,TINTOS WINERIM,0
88,SOLEGIBERT,PLA DE BAGES,NO_MATCH,0,,,,,0
514,Sotabosc,PLA DE BAGES,MATCH,100,EXACT,775954,B Sotabosc,TINTOS WINERIM,0
13,AMADIS,PRIORAT,MATCH,100,EXACT,763403,B Amadis,TINTOS WINERIM,0
14,BALANDRA,PRIORAT,NO_MATCH,0,,,,,0
22,CAMINS DE PRIORAT,PRIORAT,MATCH,97,FUZZY,763412,B Camins del Priorat,TINTOS WINERIM,0
5,CIMS DE PORRERA CLASSIC,PRIORAT,MATCH,100,EXACT,763394,B Cims de Porrera Clàssic,TINTOS WINERIM,0
24,CLOS DE L'OBAC,PRIORAT,NO_MATCH,64,FUZZY,765206,B Notes De Blanc,BLANCOS WINERIM,0
16,CLOS MARTINET,PRIORAT,MATCH,100,EXACT,763406,B Clos Martinet,TINTOS WINERIM,0
8,CLOS MOGADOR,PRIORAT,MATCH,100,EXACT,763397,B Clos Mogador,TINTOS WINERIM,0
27,DESTI MERUM PRIORATI,PRIORAT,MATCH,92,CONTAINS,763418,B Destí,TINTOS WINERIM,0
10,DOFI,PRIORAT,NO_MATCH,0,,,,,0
29,EL CEL,PRIORAT,NO_MATCH,0,,,,,0
9,GRAN CLOS,PRIORAT,MATCH,100,EXACT,763398,B Gran Clos,TINTOS WINERIM,0
26,INICI MERUM PRIORATI,PRIORAT,MATCH,92,CONTAINS,763416,B Inici,TINTOS WINERIM,0
15,L'ERMITA,PRIORAT,MATCH,92,CONTAINS,763405,B L'Ermita Velles Vinyes,TINTOS WINERIM,2
11,LES TERRASSES,PRIORAT,MATCH,100,EXACT,763400,B Les Terrasses,TINTOS WINERIM,0
12,LES TERRASSES MAGNUM,PRIORAT,MATCH,100,EXACT,763400,B Les Terrasses,TINTOS WINERIM,0
18,LO CABALO,PRIORAT,MATCH,100,EXACT,763408,B Lo Cabaló,TINTOS WINERIM,0
6,MARTINET BRU,PRIORAT,MATCH,100,EXACT,763395,B Martinet Bru,TINTOS WINERIM,0
23,MAS D'EN COMTE,PRIORAT,NO_MATCH,67,FUZZY,767233,B Coma d'En Pou,TINTOS WINERIM,0
17,MAS IGNEUS,PRIORAT,MATCH,100,EXACT,763407,B Mas Igneus,TINTOS WINERIM,0
20,MAS PERINET,PRIORAT,MATCH,92,CONTAINS,763410,B Perinet,TINTOS WINERIM,0
19,MORLANDA,PRIORAT,MATCH,92,CONTAINS,763409,B Morlanda Crianza,TINTOS WINERIM,0
492,Mas mallola,PRIORAT,NO_MATCH,0,,,,,0
32,ONIX,PRIORAT,NO_MATCH,0,,,,,0
30,PREDICAT,PRIORAT,MATCH,100,EXACT,763425,B Predicat,TINTOS WINERIM,0
7,SCALA DEI,PRIORAT,MATCH,92,CONTAINS,763396,B Scala Dei Negre,TINTOS WINERIM,2
21,SENTIUS,PRIORAT,NO_MATCH,67,FUZZY,763620,B Venus,TINTOS WINERIM,0
31,SILVESTRIS,PRIORAT,NO_MATCH,0,,,,,0
28,TERRESTRE,PRIORAT,NO_MATCH,0,,,,,0
480,Tiquet pendent 06/04/22,PRIORAT,NO_MATCH,0,,,,,0
25,VI DE LA VILA PORRERA,PRIORAT,NO_MATCH,65,FUZZY,763415,B Vi de Vila,TINTOS WINERIM,0
188,LALAMA,RIBEIRA SACARA,NO_MATCH,67,FUZZY,764518,B Dalmau,TINTOS WINERIM,0
143,CONDADO DE HAZA,RIBERA DUERO,NO_MATCH,0,,,,,0
133,DEHESA CANONIGO,RIBERA DUERO,NO_MATCH,0,,,,,0
137,EMILIO MORO,RIBERA DUERO,MATCH,100,EXACT,764529,B Emilio Moro,TINTOS WINERIM,0
155,FERRATUS,RIBERA DUERO,MATCH,100,EXACT,764545,B Ferratus,TINTOS WINERIM,0
157,FINCA RESALSO,RIBERA DUERO,MATCH,100,EXACT,764547,B Finca Resalso,TINTOS WINERIM,0
156,FLOR DE PINGUS,RIBERA DUERO,NO_MATCH,0,,,,,0
141,HACIENDA MONASTERIO,RIBERA DUERO,MATCH,92,CONTAINS,764531,B Hacienda Monasterio Reserva,TINTOS WINERIM,2
493,Hito,RIBERA DUERO,MATCH,100,EXACT,765293,B Hito,TINTOS WINERIM,0
142,PAGO DE CARRAOVEJAS,RIBERA DUERO,MATCH,100,EXACT,764532,B Pago de Carraovejas,TINTOS WINERIM,0
152,PAGO DE LOS CAPELLANES,RIBERA DUERO,NO_MATCH,63,FUZZY,764532,B Pago de Carraovejas,TINTOS WINERIM,0
139,PESQUERA CRIANÇA,RIBERA DUERO,MATCH,94,FUZZY,769706,B Pesquera Crianza,TINTOS WINERIM,0
138,PESQUERA RESERVA,RIBERA DUERO,NO_MATCH,69,FUZZY,769706,B Pesquera Crianza,TINTOS WINERIM,0
140,PRELUDIO DE SEI SOLO,RIBERA DUERO,NO_MATCH,0,,,,,0
135,PROTOS CRIANÇA,RIBERA DUERO,MATCH,92,CONTAINS,764527,B Protos,TINTOS WINERIM,0
134,PROTOS RESERVA,RIBERA DUERO,MATCH,100,EXACT,764526,B Protos Reserva,TINTOS WINERIM,0
153,PSI,RIBERA DUERO,MATCH,100,EXACT,764543,B PSI,TINTOS WINERIM,2
154,PSI MAGNUM,RIBERA DUERO,MATCH,100,EXACT,764543,B PSI,TINTOS WINERIM,2
146,VEGA SICILIA UNICO 1952,RIBERA DUERO,NO_MATCH,0,,,,,0
147,VEGA SICILIA UNICO 1962,RIBERA DUERO,NO_MATCH,0,,,,,0
148,VEGA SICILIA UNICO 1964,RIBERA DUERO,NO_MATCH,0,,,,,0
149,VEGA SICILIA UNICO 1965,RIBERA DUERO,NO_MATCH,0,,,,,0
150,VEGA SICILIA UNICO 1966,RIBERA DUERO,NO_MATCH,0,,,,,0
151,VEGA SICILIA UNICO 1967,RIBERA DUERO,NO_MATCH,0,,,,,0
145,VEGA SICILIA VALBUENA,RIBERA DUERO,NO_MATCH,0,,,,,0
136,VIÑA PEDROSA,RIBERA DUERO,REVIEW,73,FUZZY,764510,B Viña Pomal,TINTOS WINERIM,0
144,Valdubon,RIBERA DUERO,MATCH,92,CONTAINS,769707,B Valdubón Reserva,TINTOS WINERIM,0
125,CAMPO VIEJO,RIOJA,NO_MATCH,0,,,,,0
117,CONDE VALDEMAR,RIOJA,NO_MATCH,0,,,,,0
119,CONTINO,RIOJA,MATCH,92,CONTAINS,764511,B Contino Reserva,TINTOS WINERIM,0
126,DALMAU,RIOJA,MATCH,100,EXACT,764518,B Dalmau,TINTOS WINERIM,0
116,HACIENDA REMONDO,RIOJA,NO_MATCH,60,FUZZY,764531,B Hacienda Monasterio Reserva,TINTOS WINERIM,0
129,LA VICALANDA,RIOJA,MATCH,92,CONTAINS,764521,B La Vicalanda Reserva,TINTOS WINERIM,0
113,LUIS CAÑAS,RIOJA,MATCH,92,CONTAINS,764505,B Luis Cañas Crianza,TINTOS WINERIM,0
123,MARQUES DE CACERES,RIOJA,REVIEW,74,FUZZY,764506,B Marqués de Riscal Reserva,TINTOS WINERIM,0
108,MARQUES DE MURRIETA,RIOJA,MATCH,92,CONTAINS,774054,B Marqués de Murrieta Reserva,TINTOS WINERIM,0
114,MARQUES DE RISCAL,RIOJA,MATCH,92,CONTAINS,764506,B Marqués de Riscal Reserva,TINTOS WINERIM,0
122,MARTINEZ LACUESTA,RIOJA,NO_MATCH,62,FUZZY,763395,B Martinet Bru,TINTOS WINERIM,0
124,MUGA,RIOJA,NO_MATCH,0,,,,,0
132,PROPIEDAD,RIOJA,MATCH,100,EXACT,764524,B Propiedad,TINTOS WINERIM,0
111,RAMIREZ DE GANUZA,RIOJA,REVIEW,76,FUZZY,764502,B Remírez de Ganuza Reserva,TINTOS WINERIM,0
110,REMELLURI,RIOJA,MATCH,92,CONTAINS,764501,B Remelluri Reserva,TINTOS WINERIM,0
109,SIERRA CANTABRIA,RIOJA,MATCH,92,CONTAINS,765294,B Sierra Cantabria Crianza,TINTOS WINERIM,0
131,TORRE MUGA,RIOJA,NO_MATCH,0,,,,,0
128,VALENCISO,RIOJA,NO_MATCH,0,,,,,0
130,VIÑA ALBERDI,RIOJA,MATCH,100,EXACT,764522,B Viña Alberdi,TINTOS WINERIM,0
115,VIÑA ARDANZA,RIOJA,MATCH,92,CONTAINS,764507,B Viña Ardanza Reserva,TINTOS WINERIM,0
118,VIÑA POMAL,RIOJA,MATCH,100,EXACT,764510,B Viña Pomal,TINTOS WINERIM,0
112,VIÑA SALCEDA,RIOJA,REVIEW,75,FUZZY,764522,B Viña Alberdi,TINTOS WINERIM,0
120,VIÑA TONDONIA,RIOJA,MATCH,92,CONTAINS,769720,B Viña Tondonia Gran Reserva,TINTOS WINERIM,0
121,VIÑA TONDONIA RESERVA,RIOJA,MATCH,89,FUZZY,769720,B Viña Tondonia Gran Reserva,TINTOS WINERIM,0
127,VIÑAS DE GAIN,RIOJA,NO_MATCH,65,FUZZY,764498,B Vinya Selva de Mar,TINTOS WINERIM,0
163,ENATE,SOMONTANO,NO_MATCH,0,,,,,0
165,ENATE CHILLIDA,SOMONTANO,NO_MATCH,0,,,,,0
168,ENATE CRIANÇA,SOMONTANO,NO_MATCH,64,FUZZY,764516,B Muga Crianza,TINTOS WINERIM,0
166,ENATE DOS MIL DOS,SOMONTANO,NO_MATCH,0,,,,,0
164,ENATE SYRAH-SHIRAZ,SOMONTANO,NO_MATCH,0,,,,,0
161,GRAN VOS VIÑAS DEL VERO,SOMONTANO,NO_MATCH,62,FUZZY,764631,B Carrasviñas Verdejo,BLANCOS WINERIM,0
162,SEÑORIO DE LAZAN,SOMONTANO,NO_MATCH,60,FUZZY,765206,B Notes De Blanc,BLANCOS WINERIM,0
167,VDV PINOT NOIR,SOMONTANO,NO_MATCH,0,,,,,0
515,Algars,TERRA ALTA,MATCH,92,CONTAINS,765279,B Algars Rosat,ROSADOS WINERIM,3
52,BARBARA FORES COMA POU,TERRA ALTA,REVIEW,78,FUZZY,764600,B Bàrbara Forés Rosat,ROSADOS WINERIM,0
53,BARBARA FORES NEGRE,TERRA ALTA,MATCH,100,EXACT,763387,B Bàrbara Forés Negre,TINTOS WINERIM,0
55,EL TEMPLARI,TERRA ALTA,MATCH,100,EXACT,765286,B El Templari,TINTOS WINERIM,0
54,LLAGRIMES DE TARDOR,TERRA ALTA,MATCH,92,CONTAINS,763607,B Llàgrimes de Tardor Criança,TINTOS WINERIM,0
58,MIL·LENIUM,TERRA ALTA,NO_MATCH,0,,,,,0
57,SOMDINOU,TERRA ALTA,NO_MATCH,0,,,,,0
51,VALL DE BARRUS,TERRA ALTA,NO_MATCH,0,,,,,0
56,VIA EDETANA,TERRA ALTA,MATCH,100,EXACT,763608,B Via Edetana,TINTOS WINERIM,0
183,LIBERALIA 4,TORO,NO_MATCH,0,,,,,0
184,MUNIA ESPECIAL,TORO,NO_MATCH,0,,,,,0
181,NUMANTHIA,TORO,NO_MATCH,0,,,,,0
182,TERMANTHIA,TORO,NO_MATCH,0,,,,,0
180,BASSUS PINOT NOIR,UTIEL REQUENA,NO_MATCH,0,,,,,0
179,MARTINEZ BERMELL,UTIEL REQUENA,NO_MATCH,71,FUZZY,763395,B Martinet Bru,TINTOS WINERIM,0
248,200 CESTOS,VI BLANC,NO_MATCH,0,,,,,0
230,3 MACABEUS,VI BLANC,NO_MATCH,0,,,,,0
253,AA BLANC,VI BLANC,REVIEW,80,FUZZY,765280,B Algars Blanc,BLANCOS WINERIM,0
106,AA chardonnay,VI BLANC,REVIEW,80,FUZZY,765300,B Parvus Chardonnay,BLANCOS WINERIM,0
220,AMFORA BRISAT,VI BLANC,NO_MATCH,67,FUZZY,763657,B Saó Abrivat,TINTOS WINERIM,0
219,AMFORA ROJA,VI BLANC,NO_MATCH,0,,,,,0
231,AUZELLS,VI BLANC,NO_MATCH,0,,,,,0
234,BARBARA FORES ABRISA'T,VI BLANC,MATCH,88,FUZZY,764600,B Bàrbara Forés Rosat,ROSADOS WINERIM,0
235,BARBARA FORES EL QUINTA,VI BLANC,NO_MATCH,71,FUZZY,763387,B Bàrbara Forés Negre,TINTOS WINERIM,0
226,BLANC DE BLANCS,VI BLANC,NO_MATCH,69,FUZZY,765206,B Notes De Blanc,BLANCOS WINERIM,0
243,CARRASVIÑAS,VI BLANC,MATCH,92,CONTAINS,764631,B Carrasviñas Verdejo,BLANCOS WINERIM,0
241,CERVOLES,VI BLANC,MATCH,92,CONTAINS,769701,B Cérvoles Garnatxa de Cérvoles Vinyes Altes de Les Garrigues,TINTOS WINERIM,0
518,Can roda,VI BLANC,MATCH,92,CONTAINS,764625,B SO Can Roda Pansa Blanca,BLANCOS WINERIM,0
246,DAVILA,VI BLANC,NO_MATCH,67,FUZZY,764518,B Dalmau,TINTOS WINERIM,0
239,DO ORIGEN PERE VENTURA,VI BLANC,NO_MATCH,0,,,,,0
232,ENATE BLANC,VI BLANC,NO_MATCH,64,FUZZY,765206,B Notes De Blanc,BLANCOS WINERIM,0
252,FORRARELL,VI BLANC,NO_MATCH,0,,,,,0
519,Fenomenal,VI BLANC,MATCH,92,CONTAINS,765250,B Fenomenal Sauvignon Blanc,BLANCOS WINERIM,0
221,GINESTA,VI BLANC,MATCH,100,EXACT,764608,B Ginesta,BLANCOS WINERIM,0
224,GRAMONA MAS ESCORPI,VI BLANC,MATCH,92,CONTAINS,764611,B Mas Escorpí,BLANCOS WINERIM,0
249,GUITIAN,VI BLANC,NO_MATCH,0,,,,,0
217,HONEY MOON,VI BLANC,MATCH,95,FUZZY,764605,B Honeymoon,BLANCOS WINERIM,0
225,ILOGIC,VI BLANC,NO_MATCH,0,,,,,0
229,IL·LUSIO,VI BLANC,MATCH,100,EXACT,764616,B Il·lusió,BLANCOS WINERIM,0
516,Icones,VI BLANC,NO_MATCH,62,FUZZY,764608,B Ginesta,BLANCOS WINERIM,0
247,LA TRUCHA,VI BLANC,MATCH,92,CONTAINS,765102,B La Trucha Blanco,BLANCOS WINERIM,0
236,MAR I CEL,VI BLANC,NO_MATCH,0,,,,,0
228,MAS D'EN POL,VI BLANC,REVIEW,80,FUZZY,767233,B Coma d'En Pou,TINTOS WINERIM,0
223,MAS ESTELA,VI BLANC,REVIEW,74,FUZZY,782797,B Mas Elena,TINTOS WINERIM,0
233,MOLI DE CAPELLANS,VI BLANC,NO_MATCH,0,,,,,0
218,NOTES DE BLANC,VI BLANC,MATCH,100,EXACT,765206,B Notes De Blanc,BLANCOS WINERIM,0
517,P5 D'origen,VI BLANC,NO_MATCH,0,,,,,0
254,PARVUS BLANC,VI BLANC,REVIEW,75,FUZZY,765280,B Algars Blanc,BLANCOS WINERIM,0
242,PERAFITA BLANC,VI BLANC,MATCH,92,CONTAINS,764497,B Perafita,TINTOS WINERIM,0
244,PETIT ALBET I NOYA,VI BLANC,NO_MATCH,0,,,,,0
250,PLACET VALTOMELLOSO,VI BLANC,NO_MATCH,0,,,,,0
251,QUINTA APOLONIA,VI BLANC,NO_MATCH,0,,,,,0
245,RAMON DO CASAR,VI BLANC,MATCH,92,CONTAINS,764633,B Ramón Do Casar Treixadura,BLANCOS WINERIM,0
222,SATEL·LIT,VI BLANC,MATCH,100,EXACT,764609,B Satèl·lit,BLANCOS WINERIM,0
238,SO,VI BLANC,NO_MATCH,0,,,,,0
237,VALENT,VI BLANC,NO_MATCH,0,,,,,0
240,VOL D'ANIMA RAIMAT,VI BLANC,NO_MATCH,0,,,,,0
227,WALFRAUD,VI BLANC,NO_MATCH,0,,,,,0
213,BARBARA FORES ROSAT,VI ROSAT,MATCH,100,EXACT,764600,B Bàrbara Forés Rosat,ROSADOS WINERIM,0
209,ENATE ROSAT,VI ROSAT,NO_MATCH,67,FUZZY,764603,B La Rosa,ROSADOS WINERIM,0
208,GRAN CAUS ROSAT,VI ROSAT,MATCH,92,CONTAINS,763641,B Gran Caus,TINTOS WINERIM,0
215,LA ROSA,VI ROSAT,MATCH,100,EXACT,764603,B La Rosa,ROSADOS WINERIM,0
211,MAS COMTAL ROSAT,VI ROSAT,MATCH,92,CONTAINS,764598,B Mas Comtal Rosat de Llàgrima,ROSADOS WINERIM,0
214,PARVUS CABERNET ROSE,VI ROSAT,NO_MATCH,0,,,,,0
212,PORTELL,VI ROSAT,MATCH,92,CONTAINS,764599,B Portell Rosat Trepat,ROSADOS WINERIM,0
210,POSIDONIA,VI ROSAT,NO_MATCH,0,,,,,0
216,SINDICAT FIGUERA ROSAT,VI ROSAT,MATCH,94,FUZZY,765229,B Sindicat la Figuera Rosat,ROSADOS WINERIM,0
205,CANEPA,XILE,NO_MATCH,0,,,,,0
206,MANSO DE VELASCO,XILE,NO_MATCH,60,FUZZY,765206,B Notes De Blanc,BLANCOS WINERIM,0
