agora_id,name,family,saleable,direct,family_show_in_pos
764605,B Honeymoon,BLANCOS WINERIM,True,False,True
764606,B Parés Baltà Amphora Brisat,BLANCOS WINERIM,True,False,True
764607,B Parés Baltà Amphora Roja,BLANCOS WINERIM,True,False,True
764608,B Ginesta,BLANCOS WINERIM,True,False,True
764609,B Satèl·lit,BLANCOS WINERIM,True,False,True
764611,B Mas Escorpí,BLANCOS WINERIM,True,False,True
764616,B Il·lusió,BLANCOS WINERIM,True,False,True
764622,B El Quintà Fermentat en Bota,BLANCOS WINERIM,True,False,True
764625,B SO Can Roda Pansa Blanca,BLANCOS WINERIM,True,False,True
764627,B Can Bas D'Origen P5 Muscat,BLANCOS WINERIM,True,False,True
764630,B Perafita Picapoll Oxidat,BLANCOS WINERIM,True,False,True
764631,B Carrasviñas Verdejo,BLANCOS WINERIM,True,False,True
764633,B Ramón Do Casar Treixadura,BLANCOS WINERIM,True,False,True
765102,B La Trucha Blanco,BLANCOS WINERIM,True,False,True
765206,B Notes De Blanc,BLANCOS WINERIM,True,False,True
765240,B Casar de Burbia Godello,BLANCOS WINERIM,True,False,True
765250,B Fenomenal Sauvignon Blanc,BLANCOS WINERIM,True,False,True
765280,B Algars Blanc,BLANCOS WINERIM,True,False,True
765300,B Parvus Chardonnay,BLANCOS WINERIM,True,False,True
971458,C Dulce de Invierno,COPAS WINERIM,True,False,True
764639,B Raventós i Blanc de Nit,ESPUMOSOS WINERIM,True,False,True
764642,B Serral del Vell,ESPUMOSOS WINERIM,True,False,True
764643,B Terrers Brut Nature Gran Reserva,ESPUMOSOS WINERIM,True,False,True
764645,B Sumarroca Brut Nature Gran Reserva,ESPUMOSOS WINERIM,True,False,True
764646,B Pere Ventura Reserva Brut,ESPUMOSOS WINERIM,True,False,True
764651,B Gramona Imperial Brut,ESPUMOSOS WINERIM,True,False,True
764654,B Bocchoris Brut Nature,ESPUMOSOS WINERIM,True,False,True
775951,B Subtil Brut Nature Gran Reserva,ESPUMOSOS WINERIM,True,False,True
776053,B Primer Reserva Brut,ESPUMOSOS WINERIM,True,False,True
785747,B Coll de la Sitja Ancestral,ESPUMOSOS WINERIM,True,False,True
785748,B Para Roques Ancestral,ESPUMOSOS WINERIM,True,False,True
1164544,M PSI,MAGNUM WINERIM,True,False,True
764598,B Mas Comtal Rosat de Llàgrima,ROSADOS WINERIM,True,False,True
764599,B Portell Rosat Trepat,ROSADOS WINERIM,True,False,True
764600,B Bàrbara Forés Rosat,ROSADOS WINERIM,True,False,True
764603,B La Rosa,ROSADOS WINERIM,True,False,True
765229,B Sindicat la Figuera Rosat,ROSADOS WINERIM,True,False,True
765279,B Algars Rosat,ROSADOS WINERIM,True,False,True
775945,B Sindicat la Figuera Rosat 945,ROSADOS WINERIM,True,False,True
763387,B Bàrbara Forés Negre,TINTOS WINERIM,True,False,True
763394,B Cims de Porrera Clàssic,TINTOS WINERIM,True,False,True
763395,B Martinet Bru,TINTOS WINERIM,True,False,True
763396,B Scala Dei Negre,TINTOS WINERIM,True,False,True
763397,B Clos Mogador,TINTOS WINERIM,True,False,True
763398,B Gran Clos,TINTOS WINERIM,True,False,True
763399,B Finca Dofí,TINTOS WINERIM,True,False,True
763400,B Les Terrasses,TINTOS WINERIM,True,False,True
763402,B Ònix Clàssic,TINTOS WINERIM,True,False,True
763403,B Amadis,TINTOS WINERIM,True,False,True
763405,B L'Ermita Velles Vinyes,TINTOS WINERIM,True,False,True
763406,B Clos Martinet,TINTOS WINERIM,True,False,True
763407,B Mas Igneus,TINTOS WINERIM,True,False,True
763408,B Lo Cabaló,TINTOS WINERIM,True,False,True
763409,B Morlanda Crianza,TINTOS WINERIM,True,False,True
763410,B Perinet,TINTOS WINERIM,True,False,True
763412,B Camins del Priorat,TINTOS WINERIM,True,False,True
763413,B Celler Cal Pla Mas d'en Compte,TINTOS WINERIM,True,False,True
763415,B Vi de Vila,TINTOS WINERIM,True,False,True
763416,B Inici,TINTOS WINERIM,True,False,True
763418,B Destí,TINTOS WINERIM,True,False,True
763423,B Mas de Subirà Criança,TINTOS WINERIM,True,False,True
763425,B Predicat,TINTOS WINERIM,True,False,True
763427,B Acústic,TINTOS WINERIM,True,False,True
763428,B Brunus,TINTOS WINERIM,True,False,True
763429,B Teixar,TINTOS WINERIM,True,False,True
763601,B El Pispa,TINTOS WINERIM,True,False,True
763602,B Dido Negre,TINTOS WINERIM,True,False,True
763607,B Llàgrimes de Tardor Criança,TINTOS WINERIM,True,False,True
763608,B Via Edetana,TINTOS WINERIM,True,False,True
763616,B Mas Donis Negre,TINTOS WINERIM,True,False,True
763620,B Venus,TINTOS WINERIM,True,False,True
763621,B Laurona,TINTOS WINERIM,True,False,True
763625,B La Cuca de Llum,TINTOS WINERIM,True,False,True
763635,B Finca La Milana,TINTOS WINERIM,True,False,True
763636,B Black,TINTOS WINERIM,True,False,True
763637,B Mas Irene,TINTOS WINERIM,True,False,True
763641,B Gran Caus,TINTOS WINERIM,True,False,True
763642,B Can Feixes Negre Tradició,TINTOS WINERIM,True,False,True
763643,B Vinya Le Havre,TINTOS WINERIM,True,False,True
763644,B Petrea Merlot,TINTOS WINERIM,True,False,True
763645,B Ad Fines,TINTOS WINERIM,True,False,True
763647,B Pas Curtei,TINTOS WINERIM,True,False,True
763649,B Isabel Negra,TINTOS WINERIM,True,False,True
763650,B Nerola Tinto,TINTOS WINERIM,True,False,True
763652,B Neolitic de Sumoll,TINTOS WINERIM,True,False,True
763655,B Cristiari d’Alòs,TINTOS WINERIM,True,False,True
763657,B Saó Abrivat,TINTOS WINERIM,True,False,True
763658,B Petit Saó,TINTOS WINERIM,True,False,True
764489,B Solergibert Merlot Reserva,TINTOS WINERIM,True,False,True
764490,B Abadal Reserva Selecció 0.7,TINTOS WINERIM,True,False,True
764491,B Abadal 3.9,TINTOS WINERIM,True,False,True
764493,B Gran Claustro,TINTOS WINERIM,True,False,True
764494,B Finca Malaveïna,TINTOS WINERIM,True,False,True
764496,B Llavors Negre,TINTOS WINERIM,True,False,True
764497,B Perafita,TINTOS WINERIM,True,False,True
764498,B Vinya Selva de Mar,TINTOS WINERIM,True,False,True
764499,B Coma Bruna,TINTOS WINERIM,True,False,True
764500,B Orbus,TINTOS WINERIM,True,False,True
764501,B Remelluri Reserva,TINTOS WINERIM,True,False,True
764502,B Remírez de Ganuza Reserva,TINTOS WINERIM,True,False,True
764505,B Luis Cañas Crianza,TINTOS WINERIM,True,False,True
764506,B Marqués de Riscal Reserva,TINTOS WINERIM,True,False,True
764507,B Viña Ardanza Reserva,TINTOS WINERIM,True,False,True
764510,B Viña Pomal,TINTOS WINERIM,True,False,True
764511,B Contino Reserva,TINTOS WINERIM,True,False,True
764516,B Muga Crianza,TINTOS WINERIM,True,False,True
764518,B Dalmau,TINTOS WINERIM,True,False,True
764521,B La Vicalanda Reserva,TINTOS WINERIM,True,False,True
764522,B Viña Alberdi,TINTOS WINERIM,True,False,True
764524,B Propiedad,TINTOS WINERIM,True,False,True
764526,B Protos Reserva,TINTOS WINERIM,True,False,True
764527,B Protos,TINTOS WINERIM,True,False,True
764529,B Emilio Moro,TINTOS WINERIM,True,False,True
764531,B Hacienda Monasterio Reserva,TINTOS WINERIM,True,False,True
764532,B Pago de Carraovejas,TINTOS WINERIM,True,False,True
764543,B PSI,TINTOS WINERIM,True,False,True
764545,B Ferratus,TINTOS WINERIM,True,False,True
764547,B Finca Resalso,TINTOS WINERIM,True,False,True
765200,B Notes de Negre,TINTOS WINERIM,True,False,True
765230,B Sindicat La Figuera,TINTOS WINERIM,True,False,True
765281,B Algars Negre,TINTOS WINERIM,True,False,True
765286,B El Templari,TINTOS WINERIM,True,False,True
765293,B Hito,TINTOS WINERIM,True,False,True
765294,B Sierra Cantabria Crianza,TINTOS WINERIM,True,False,True
765632,B Perinet Vinya Mas Vell,TINTOS WINERIM,True,False,True
765634,B Amadis 634,TINTOS WINERIM,True,False,True
765640,B Martinet Bru 640,TINTOS WINERIM,True,False,True
765642,B Scala Dei Negre 642,TINTOS WINERIM,True,False,True
765643,B Ònix Clàssic 643,TINTOS WINERIM,True,False,True
765648,B L'Ermita Velles Vinyes 648,TINTOS WINERIM,True,False,True
765650,B Clos Mogador 650,TINTOS WINERIM,True,False,True
765654,B Solanes,TINTOS WINERIM,True,False,True
765655,B Les Terrasses 655,TINTOS WINERIM,True,False,True
765658,B Peraj Ha'abib,TINTOS WINERIM,True,False,True
767217,B Perinet Vinya Mas Vell 217,TINTOS WINERIM,True,False,True
767227,B Bàrbara Forés Negre 227,TINTOS WINERIM,True,False,True
767233,B Coma d'En Pou,TINTOS WINERIM,True,False,True
767286,B Les Tallades,TINTOS WINERIM,True,False,True
767291,B Venus  291,TINTOS WINERIM,True,False,True
767298,B El Gos Garnatxa Negre,TINTOS WINERIM,True,False,True
769660,B Finca Malaveïna 2013,TINTOS WINERIM,True,False,True
769682,B Vinya Le Havre 682,TINTOS WINERIM,True,False,True
769686,B Serres Velles Garnatxa Negra,TINTOS WINERIM,True,False,True
769689,B Black 689,TINTOS WINERIM,True,False,True
769692,B Can Feixes Negre Tradició 692,TINTOS WINERIM,True,False,True
769695,B Isabel Negra 695,TINTOS WINERIM,True,False,True
769696,B Selección Especial Masía Freye,TINTOS WINERIM,True,False,True
769697,B Abadal 5 Merlot,TINTOS WINERIM,True,False,True
769699,B Cristiari d’Alòs 699,TINTOS WINERIM,True,False,True
769701,B Cérvoles Garnatxa de Cérvoles Vinyes Altes de Les Garrigues,TINTOS WINERIM,True,False,True
769702,B Saó Abrivat 702,TINTOS WINERIM,True,False,True
769705,B PSI 705,TINTOS WINERIM,True,False,True
769706,B Pesquera Crianza,TINTOS WINERIM,True,False,True
769707,B Valdubón Reserva,TINTOS WINERIM,True,False,True
769708,B Ferratus 708,TINTOS WINERIM,True,False,True
769712,B Tionio Reserva,TINTOS WINERIM,True,False,True
769714,B Hacienda Monasterio Reserva 714,TINTOS WINERIM,True,False,True
769720,B Viña Tondonia Gran Reserva,TINTOS WINERIM,True,False,True
769722,B Finca La Montesa,TINTOS WINERIM,True,False,True
769729,B Gran Reserva 904,TINTOS WINERIM,True,False,True
773496,B Venus  496,TINTOS WINERIM,True,False,True
774054,B Marqués de Murrieta Reserva,TINTOS WINERIM,True,False,True
775946,B Sindicat la Figuera Garnatxa Fina,TINTOS WINERIM,True,False,True
775954,B Sotabosc,TINTOS WINERIM,True,False,True
776078,B Ètim Grenache,TINTOS WINERIM,True,False,True
782797,B Mas Elena,TINTOS WINERIM,True,False,True
782807,B Garnatxa - Hisenda Miret,TINTOS WINERIM,True,False,True
782808,B Garnatxa - Hisenda Miret 808,TINTOS WINERIM,True,False,True
